Crank position,Motor Frequency (Hz),No Bond Peak-Peak Average (mm),No Bond Peak-Peak Standard deviation (mm),Bond Peak-Peak Average (mm),Bond Peak-Peak Standard deviation (mm),No Bond Frequency Average (Hz),No Bond Frequency Standard deviation (Hz),Bond Frequency Average (Hz),Bond Frequency Standard deviation (Hz),Wavelength Average (m),Wavelength Standard deviation (m)
B,17,37.3056,2.5142817470437935,44.137638190954775,2.3239690773488104,0.4300649228291966,0.055204344816498836,0.4248905164827691,0.025957987385872374,6.928193676014123,1.0625379674115214
B,17,37.3869,1.6873023844834156,44.285376884422114,1.0311353621220292,0.42623685378761006,0.04428807135803968,0.4217168402461731,0.0050754870906154865,7.156717067788943,0.6810133864749115
B,17,37.53775,1.624334247078217,44.3980904522613,1.1515673867918121,0.42604193298635934,0.041533866027286696,0.4217924519263013,0.00526735324550888,7.25086744650086,0.6614231407758234
B,17,36.75365,1.3941702661998576,43.91618090452261,1.376677851387976,0.422018688141342,0.005755225206630186,0.4220748180369387,0.005162660952237195,9.979560216695063,1.1856276441682319
B,22.5,58.47899497487437,1.727037808180154,65.11190954773869,1.618843698777001,0.5606287853254486,0.0071854237963677224,0.5606569997242393,0.008224283109568476,4.238330256916995,0.08002090348407016
B,27.26,75.92673366834171,2.3073925737323644,66.22010050251257,2.3198473891702776,0.6785502607871028,0.009248667423281315,0.6784119645961751,0.010794554821470166,3.025647839248873,0.08852694855708403
B,32.35,112.38234234234234,9.605240411222642,95.37763819095478,8.831139061353204,0.7928647607073807,0.04066395001262743,0.7653982412838167,0.14003060393647088,1.1744848970832455,0.03925722494693546
B,30.14,101.56701492537313,2.5245721828742544,95.46308270676693,1.9289093245929676,0.7507774742934332,0.01590745585395995,0.7518115830975157,0.016374941351114426,2.5389748874674174,0.05572799010407744
a,a,121.59798994974874,4.614982515249663,136.77974874371859,6.557778744191022,0.8971424010217115,0.019967746971033686,0.8974301082059704,0.01925814371248828,2.07274733184031,0.06502837476438365