Crank position,Motor Frequency (Hz),No Bond Peak-Peak Average (mm),No Bond Peak-Peak Standard deviation (mm),Bond Peak-Peak Average (mm),Bond Peak-Peak Standard deviation (mm),No Bond Frequency Average (Hz),No Bond Frequency Standard deviation (Hz),Bond Frequency Average (Hz),Bond Frequency Standard deviation (Hz),Wavelength Average (m),Wavelength Standard deviation (m)
A,33.33,75.79818181818182,1.5693423595702585,70.81172727272727,1.6611088791400657,0.8311399390376032,0.016453423366515733,0.8309497325070184,0.013073608061048883,2.1509841568417065,0.22345249121135097
a,a,76.39555555555555,1.633167158921318,68.46180904522613,1.1791953872585805,0.8305711920839841,0.016217257193342046,0.8307378568780126,0.012016166038941452,1.44856252182068,0.015809509972383413
a,a,73.92055837563451,6.212128951913131,68.70638190954773,8.540652754302217,0.948959374988321,1.1728763977244971,1.064926472535627,1.6419346708650593,2.0213480739076743,0.32695019696367805
A,17,28.26906862745098,7.195757481270282,32.570201005025126,6.444782319932312,0.7240340431837543,1.6822409112952184,0.817262854501778,2.069709050535344,-13.543662230490382,12.653508160293708
,A17,30.49879396984925,1.6619966551048215,33.897688442211056,0.9505541623562607,0.4270660537790931,0.030667514257736773,0.4232930873000831,0.005342360100162678,-9.736728240573843,5.703831787590899
A,25,55.24693467336684,1.1351354436845214,57.20075376884422,1.2164835622587864,0.6228814884302689,0.00618147950531046,0.6228457518091661,0.010669389547519174,3.64793147157191,0.0837942155008942
A,34,70.25241206030151,1.4360805986832461,56.16447236180905,2.2583335229766095,0.8500718390804599,0.024099454019671743,0.8492705570291779,0.01829875786268708,2.282036146321919,0.04345638002905725
A,34d,71.7019095477387,1.7308056662731777,59.70211055276382,1.6280941227597525,0.8479353500905223,0.01501282962053903,0.8489844917752766,0.03278622596925462,2.2735022068338777,0.04236672788796533
a,a,78.23434343434343,1.9563496317003617,81.15237373737374,1.7409341449850377,0.7494133251709009,0.023677506564854775,0.7559343434343435,0.06886883351666158,2.3636275883779905,0.1162869062285418